match_deatails,Stadium,Result
"Royal Challengers Bengaluru vs Chennai Super Kings, 1st Match","MA Chidambaram Stadium, Chennai",Chennai Super Kings won by 6 wkts
"Delhi Capitals vs Punjab Kings, 2nd Match","Maharaja Yadavindra Singh International Cricket Stadium, Mullanpur, Chandigarh",Punjab Kings won by 4 wkts
"Kolkata Knight Riders vs Sunrisers Hyderabad, 3rd Match","Eden Gardens, Kolkata",Kolkata Knight Riders won by 4 runs
"Rajasthan Royals vs Lucknow Super Giants, 4th Match","Sawai Mansingh Stadium, Jaipur",Rajasthan Royals won by 20 runs
"Gujarat Titans vs Mumbai Indians, 5th Match","Narendra Modi Stadium, Ahmedabad",Gujarat Titans won by 6 runs
"Punjab Kings vs Royal Challengers Bengaluru, 6th Match","M.Chinnaswamy Stadium, Bengaluru",Royal Challengers Bengaluru won by 4 wkts
"Chennai Super Kings vs Gujarat Titans, 7th Match","MA Chidambaram Stadium, Chennai",Chennai Super Kings won by 63 runs
"Sunrisers Hyderabad vs Mumbai Indians, 8th Match","Rajiv Gandhi International Stadium, Hyderabad",Sunrisers Hyderabad won by 31 runs
"Rajasthan Royals vs Delhi Capitals, 9th Match","Sawai Mansingh Stadium, Jaipur",Rajasthan Royals won by 12 runs
"Royal Challengers Bengaluru vs Kolkata Knight Riders, 10th Match","M.Chinnaswamy Stadium, Bengaluru",Kolkata Knight Riders won by 7 wkts
"Lucknow Super Giants vs Punjab Kings, 11th Match","Bharat Ratna Shri Atal Bihari Vajpayee Ekana Cricket Stadium, Lucknow",Lucknow Super Giants won by 21 runs
"Sunrisers Hyderabad vs Gujarat Titans, 12th Match","Narendra Modi Stadium, Ahmedabad",Gujarat Titans won by 7 wkts
"Delhi Capitals vs Chennai Super Kings, 13th Match","Dr. Y.S. Rajasekhara Reddy ACA-VDCA Cricket Stadium, Visakhapatnam",Delhi Capitals won by 20 runs
"Mumbai Indians vs Rajasthan Royals, 14th Match","Wankhede Stadium, Mumbai",Rajasthan Royals won by 6 wkts
"Lucknow Super Giants vs Royal Challengers Bengaluru, 15th Match","M.Chinnaswamy Stadium, Bengaluru",Lucknow Super Giants won by 28 runs
"Kolkata Knight Riders vs Delhi Capitals, 16th Match","Dr. Y.S. Rajasekhara Reddy ACA-VDCA Cricket Stadium, Visakhapatnam",Kolkata Knight Riders won by 106 runs
"Gujarat Titans vs Punjab Kings, 17th Match","Narendra Modi Stadium, Ahmedabad",Punjab Kings won by 3 wkts
"Chennai Super Kings vs Sunrisers Hyderabad, 18th Match","Rajiv Gandhi International Stadium, Hyderabad",Sunrisers Hyderabad won by 6 wkts
"Royal Challengers Bengaluru vs Rajasthan Royals, 19th Match","Sawai Mansingh Stadium, Jaipur",Rajasthan Royals won by 6 wkts
"Mumbai Indians vs Delhi Capitals, 20th Match","Wankhede Stadium, Mumbai",Mumbai Indians won by 29 runs
"Lucknow Super Giants vs Gujarat Titans, 21st Match","Bharat Ratna Shri Atal Bihari Vajpayee Ekana Cricket Stadium, Lucknow",Lucknow Super Giants won by 33 runs
"Kolkata Knight Riders vs Chennai Super Kings, 22nd Match","MA Chidambaram Stadium, Chennai",Chennai Super Kings won by 7 wkts
"Sunrisers Hyderabad vs Punjab Kings, 23rd Match","Maharaja Yadavindra Singh International Cricket Stadium, Mullanpur, Chandigarh",Sunrisers Hyderabad won by 2 runs
"Rajasthan Royals vs Gujarat Titans, 24th Match","Sawai Mansingh Stadium, Jaipur",Gujarat Titans won by 3 wkts
"Royal Challengers Bengaluru vs Mumbai Indians, 25th Match","Wankhede Stadium, Mumbai",Mumbai Indians won by 7 wkts
"Lucknow Super Giants vs Delhi Capitals, 26th Match","Bharat Ratna Shri Atal Bihari Vajpayee Ekana Cricket Stadium, Lucknow",Delhi Capitals won by 6 wkts
"Punjab Kings vs Rajasthan Royals, 27th Match","Maharaja Yadavindra Singh International Cricket Stadium, Mullanpur, Chandigarh",Rajasthan Royals won by 3 wkts
"Lucknow Super Giants vs Kolkata Knight Riders, 28th Match","Eden Gardens, Kolkata",Kolkata Knight Riders won by 8 wkts
"Chennai Super Kings vs Mumbai Indians, 29th Match","Wankhede Stadium, Mumbai",Chennai Super Kings won by 20 runs
"Sunrisers Hyderabad vs Royal Challengers Bengaluru, 30th Match","M.Chinnaswamy Stadium, Bengaluru",Sunrisers Hyderabad won by 25 runs
"Kolkata Knight Riders vs Rajasthan Royals, 31st Match","Eden Gardens, Kolkata",Rajasthan Royals won by 2 wkts
"Gujarat Titans vs Delhi Capitals, 32nd Match","Narendra Modi Stadium, Ahmedabad",Delhi Capitals won by 6 wkts
"Mumbai Indians vs Punjab Kings, 33rd Match","Maharaja Yadavindra Singh International Cricket Stadium, Mullanpur, Chandigarh",Mumbai Indians won by 9 runs
"Chennai Super Kings vs Lucknow Super Giants, 34th Match","Bharat Ratna Shri Atal Bihari Vajpayee Ekana Cricket Stadium, Lucknow",Lucknow Super Giants won by 8 wkts
"Sunrisers Hyderabad vs Delhi Capitals, 35th Match","Arun Jaitley Stadium, Delhi",Sunrisers Hyderabad won by 67 runs
"Kolkata Knight Riders vs Royal Challengers Bengaluru, 36th Match","Eden Gardens, Kolkata",Kolkata Knight Riders won by 1 run
"Punjab Kings vs Gujarat Titans, 37th Match","Maharaja Yadavindra Singh International Cricket Stadium, Mullanpur, Chandigarh",Gujarat Titans won by 3 wkts
"Mumbai Indians vs Rajasthan Royals, 38th Match","Sawai Mansingh Stadium, Jaipur",Rajasthan Royals won by 9 wkts
"Chennai Super Kings vs Lucknow Super Giants, 39th Match","MA Chidambaram Stadium, Chennai",Lucknow Super Giants won by 6 wkts
"Delhi Capitals vs Gujarat Titans, 40th Match","Arun Jaitley Stadium, Delhi",Delhi Capitals won by 4 runs
"Royal Challengers Bengaluru vs Sunrisers Hyderabad, 41st Match","Rajiv Gandhi International Stadium, Hyderabad",Royal Challengers Bengaluru won by 35 runs
"Kolkata Knight Riders vs Punjab Kings, 42nd Match","Eden Gardens, Kolkata",Punjab Kings won by 8 wkts
"Delhi Capitals vs Mumbai Indians, 43rd Match","Arun Jaitley Stadium, Delhi",Delhi Capitals won by 10 runs
"Lucknow Super Giants vs Rajasthan Royals, 44th Match","Bharat Ratna Shri Atal Bihari Vajpayee Ekana Cricket Stadium, Lucknow",Rajasthan Royals won by 7 wkts
"Gujarat Titans vs Royal Challengers Bengaluru, 45th Match","Narendra Modi Stadium, Ahmedabad",Royal Challengers Bengaluru won by 9 wkts
"Chennai Super Kings vs Sunrisers Hyderabad, 46th Match","MA Chidambaram Stadium, Chennai",Chennai Super Kings won by 78 runs
"Delhi Capitals vs Kolkata Knight Riders, 47th Match","Eden Gardens, Kolkata",Kolkata Knight Riders won by 7 wkts
"Mumbai Indians vs Lucknow Super Giants, 48th Match","Bharat Ratna Shri Atal Bihari Vajpayee Ekana Cricket Stadium, Lucknow",Lucknow Super Giants won by 4 wkts
"Chennai Super Kings vs Punjab Kings, 49th Match","MA Chidambaram Stadium, Chennai",Punjab Kings won by 7 wkts
"Sunrisers Hyderabad vs Rajasthan Royals, 50th Match","Rajiv Gandhi International Stadium, Hyderabad",Sunrisers Hyderabad won by 1 run
"Kolkata Knight Riders vs Mumbai Indians, 51st Match","Wankhede Stadium, Mumbai",Kolkata Knight Riders won by 24 runs
"Gujarat Titans vs Royal Challengers Bengaluru, 52nd Match","M.Chinnaswamy Stadium, Bengaluru",Royal Challengers Bengaluru won by 4 wkts
"Chennai Super Kings vs Punjab Kings, 53rd Match","Himachal Pradesh Cricket Association Stadium, Dharamsala",Chennai Super Kings won by 28 runs
"Kolkata Knight Riders vs Lucknow Super Giants, 54th Match","Bharat Ratna Shri Atal Bihari Vajpayee Ekana Cricket Stadium, Lucknow",Kolkata Knight Riders won by 98 runs
"Sunrisers Hyderabad vs Mumbai Indians, 55th Match","Wankhede Stadium, Mumbai",Mumbai Indians won by 7 wkts
"Delhi Capitals vs Rajasthan Royals, 56th Match","Arun Jaitley Stadium, Delhi",Delhi Capitals won by 20 runs
"Lucknow Super Giants vs Sunrisers Hyderabad, 57th Match","Rajiv Gandhi International Stadium, Hyderabad",Sunrisers Hyderabad won by 10 wkts
"Royal Challengers Bengaluru vs Punjab Kings, 58th Match","Himachal Pradesh Cricket Association Stadium, Dharamsala",Royal Challengers Bengaluru won by 60 runs
"Gujarat Titans vs Chennai Super Kings, 59th Match","Narendra Modi Stadium, Ahmedabad",Gujarat Titans won by 35 runs
"Kolkata Knight Riders vs Mumbai Indians, 60th Match","Eden Gardens, Kolkata",Kolkata Knight Riders won by 18 runs - 16 overs game - due to rain
"Rajasthan Royals vs Chennai Super Kings, 61st Match","MA Chidambaram Stadium, Chennai",Chennai Super Kings won by 5 wkts
"Royal Challengers Bengaluru vs Delhi Capitals, 62nd Match","M.Chinnaswamy Stadium, Bengaluru",Royal Challengers Bengaluru won by 47 runs
"Gujarat Titans vs Kolkata Knight Riders, 63rd Match","Narendra Modi Stadium, Ahmedabad",Match abandoned without toss
"Delhi Capitals vs Lucknow Super Giants, 64th Match","Arun Jaitley Stadium, Delhi",Delhi Capitals won by 19 runs
"Rajasthan Royals vs Punjab Kings, 65th Match","Barsapara Cricket Stadium, Guwahati",Punjab Kings won by 5 wkts
"Sunrisers Hyderabad vs Gujarat Titans, 66th Match","Rajiv Gandhi International Stadium, Hyderabad",Match abandoned without toss
"Mumbai Indians vs Lucknow Super Giants, 67th Match","Wankhede Stadium, Mumbai",Preview
"Royal Challengers Bengaluru vs Chennai Super Kings, 68th Match","M.Chinnaswamy Stadium, Bengaluru","Match starts at May 18, 14:00 GMT"
"Sunrisers Hyderabad vs Punjab Kings, 69th Match","Rajiv Gandhi International Stadium, Hyderabad","Match starts at May 19, 10:00 GMT"
"Rajasthan Royals vs Kolkata Knight Riders, 70th Match","Barsapara Cricket Stadium, Guwahati","Match starts at May 19, 14:00 GMT"
,"Narendra Modi Stadium, Ahmedabad",
"Match starts at May 22, 14:00 GMT","Narendra Modi Stadium, Ahmedabad",
"Match starts at May 24, 14:00 GMT","MA Chidambaram Stadium, Chennai",
"Match starts at May 26, 14:00 GMT","MA Chidambaram Stadium, Chennai",
